{
   "routes" : [
      {
         "isInternal" : true,
         "requestMethod" : "GET",
         "requestUri" : "/mockifer/routes",
         "responseControllerId" : "mockifer.getallroutes",
         "routeDescription" : "Get all the registered routes available in this Mockifer instance.",
         "routeDisplayName" : "Get all routes",
         "routeId" : "mockifer.getallroutes"
      },
      {
         "isInternal" : true,
         "requestMethod" : "GET",
         "requestUri" : "/cats",
         "responseControllerId" : "cats.getallcats",
         "routeDescription" : "Get all the internal sample cats as a list",
         "routeDisplayName" : "Get all cats",
         "routeId" : "cats.getallcats"
      },
      {
         "isInternal" : true,
         "requestMethod" : "POST",
         "requestUri" : "/cats",
         "responseControllerId" : "cats.createcat",
         "routeDescription" : "Create a new cat with the supplied details",
         "routeDisplayName" : "Create new cat",
         "routeId" : "cats.createcat"
      },
      {
         "isInternal" : true,
         "requestMethod" : "PUT",
         "requestUri" : "/cats",
         "responseControllerId" : "cats.updatecat",
         "routeDescription" : "Update a given cat's details",
         "routeDisplayName" : "Update cat details",
         "routeId" : "cats.updatecat"
      },
      {
         "isInternal" : true,
         "requestMethod" : "DELETE",
         "requestUri" : "/cats/([^/]+)",
         "responseControllerId" : "cats.deletecat",
         "routeDescription" : "Delete the given cat",
         "routeDisplayName" : "Delete cat",
         "routeId" : "cats.deletecat"
      },
      {
         "isInternal" : true,
         "requestMethod" : "GET",
         "requestUri" : "/cats/([^/]+)",
         "responseControllerId" : "cats.catdetails",
         "routeDescription" : "Get the details for the given cat at the end of the url path",
         "routeDisplayName" : "Cat details",
         "routeId" : "cats.catdetails"
      },
      {
         "isInternal" : false,
         "requestOverrideRouteId" : "cats.getallcats",
         "responseJsonFile" : "mocks.cats.getfakecats.json",
         "routeDescription" : "Get a fake list of cats",
         "routeDisplayName" : "Mock Get Cats",
         "routeId" : "mocks.cats.getfakecats"
      },
      {
         "isInternal" : false,
         "requestOverrideRouteId" : "cats.getallcats",
         "responseJsonFile" : "mocks.cats.getcats.error.json",
         "responseStatusCode" : 500,
         "routeDescription" : "Simulate an error while calling the get cats api",
         "routeDisplayName" : "Mock Get Cats error",
         "routeId" : "mocks.cats.getcats.error"
      },
      {
         "isInternal" : true,
         "requestMethod" : "GET",
         "requestUri" : "/mockifer/activemocks",
         "responseControllerId" : "mockifer.getactivemocks",
         "routeDescription" : "Get all the currently active mocks in the session",
         "routeDisplayName" : "Get all active mocks",
         "routeId" : "mockifer.getactivemocks"
      },
      {
         "isInternal" : true,
         "requestBodyJsonPath" : "/test/1/name",
         "requestBodyJsonPathContains" : "bob",
         "requestMethod" : "POST",
         "requestUri" : "/test/jsonpath/array",
         "responseJsonFile" : "test.jsonpath.array.json",
         "responseStatusCode" : 200,
         "routeDescription" : "Test a Json path that contains a reference to an array in the request body json.",
         "routeDisplayName" : "Test Json Path Array",
         "routeId" : "test.jsonpath.array"
      },
      {
         "isInternal" : true,
         "requestBodyJsonPath" : "/test/name",
         "requestBodyJsonPathContains" : "bob",
         "requestMethod" : "POST",
         "requestUri" : "/test/jsonpath/basic",
         "responseJsonFile" : "test.jsonpath.basic.json",
         "responseStatusCode" : 200,
         "routeDescription" : "Test a Json path that looks for a basic element value in the request body json.",
         "routeDisplayName" : "Test Json Path Basic",
         "routeId" : "test.jsonpath.basic"
      },
      {
         "isInternal" : true,
         "requestMethod" : "GET",
         "requestUri" : "/test/simulate-delay",
         "responseDelay" : 200,
         "responseJsonFile" : "test.simulate.response.delay.json",
         "responseStatusCode" : 200,
         "routeDescription" : "Test a request with a simulated delay before receiving the response.",
         "routeDisplayName" : "Test Simulate Response Delay",
         "routeId" : "test.simulate.response.delay"
      },
      {
         "isInternal" : true,
         "requestMethod" : "GET",
         "requestUri" : "/test/magic_tokens",
         "responseJsonFile" : "test.magictokens.json",
         "responseStatusCode" : 200,
         "routeDescription" : "Example of using 'magic tokens' in a JSON response to dynamically substitute fields.",
         "routeDisplayName" : "Test Magic Tokens",
         "routeId" : "test.magictokens"
      }
   ]
}
